id,name,department
ICT0001,Nilesh Kute,Board Of Directors
ICT0002,Gajanan Shinde,Board Of Directors
ICT0006,Kushal Bagdare,Clockworks
ICT0018,Anand Patil,Graphics
ICT0020,Pradeep Jante,Graphics
ICT0025,Prasad Yeola,Hardware
ICT0032,Kadambari Sachin Burande,Software
ICT0040,Narendra Ashok Bari,Estimation
ICT0046,Yogesh Ramesh Gotarne,Software
ICT0053,Amol Narhari Lokhande,Hardware
ICT0054,Vaishali Amol Lunavat,Human Resources
ICT0059,Rohit Shivaji Jadhav,Software
ICT0062,Snehal Tarachand Ahire,Graphics
ICT0064,Pradum Nilkanth Jadhao,Admin
ICT0074,Ajinkya Namdev Tajane,Software
ICT0075,Apurva Pramod Sajje,Hardware
ICT0080,Suraj Shrimantappa Marale,Hardware
ICT0082,Avinash Annasaheb Dighe,Hardware
ICT0084,Yash Sharad Shelke,Software
ICT0086,Prajapati Subhash Harke,Graphics
ICT0090,Amarsinh Abhiman Choudhari,Hardware
ICT0095,Pramod Ramchandra Nikam,Estimation
ICT0099,Kiran Kondiba Lambor,Hardware
ICT0101,Ganesh Dattu Bodke,Hardware
ICT0102,Rahul Deepak Yadav,Hardware
ICT0105,Farhan Shabbir Shaikh,Software
ICT0110,Satishkumar Udabale,Graphics
ICT0113,Shikha Maheshwari,Hardware
ICT0114,Madhav Sadashiv Nandgave,Hardware
ICT0116,Mukund Umrao Agav,Graphics
ICT0118,Ritesh Raj,Clockworks
ICT0122,Saurabh Balasaheb Ugale,Hardware
ICT0123,Dinesh Vijay Potdar,Software
ICT0125,Sandip Sharadrao Pathak,Graphics
ICT0129,Sarika Ganpat Chavan,Graphics
ICT0132,Omkar Manohar Dole,Hardware
ICT0133,Gaurav Vinod Sharma,Hardware
ICT0134,Aqsa Azam Khan,Software
ICT0135,Saurabh Dilip Tanpure,Hardware
ICT0136,Mayuri Sham Kanade,Graphics
ICT0138,Rutuja Vasantrao Thorat,Software
ICT0139,Akanksha Anil Bhosale,Software
ICT0140,Udita Singha Roy,Software
ICT0141,Supriya Angad Somvanshi,Hardware
ICT0145,Prasad Bhaskar Vyavahare,Hardware
ICT0146,Sachin Hindurao Nangare,Graphics
ICT0147,Dipali Dhanraj Randive,Graphics
ICT0151,Ashvini Revananath Kute,Graphics
ICT0152,Prerna Shankar Bhujbal,Hardware
ICT0157,Ravikiran Sambhaji Pawar,Graphics
ICT0159,Akshay Madhukar Bhujbal,Hardware
ICT0160,Pawan Shamrao Shende,Graphics
ICT0164,Akash Bharat Wale,Hardware
ICT0165,Kiran Mangesh Deshmukh,Graphics
ICT0166,Shalini Namdev Waghmare,Graphics
ICT0167,Lalit Sunil Chavan,Hardware
ICT0169,Pooja Hemant Jadhav,Hardware
ICT0170,Harshad Anil Udamale,Hardware
ICT0171,Onkar Sarjerao Dhawale,Software
ICT0172,Nilesh Vishvas Uphade,Software
ICT0173,Anuja Anil Nalkar,Software
ICT0175,Ashwini Prasad Kashetwar,Hardware
ICT0176,Ashwini Chandramohan Giri,Graphics
ICT0179,Ravi Pandey,Hardware
ICT0183,Dattatray Arunrao Ghule,Software
ICT0185,Kamini Kamlakar Gaikwad,Hardware
ICT0186,Ram Sanjay Shikhare,Graphics
ICT0187,Vikas Sanjay Sawant,Hardware
ICT0191,Shruti Rajendra Nand,Clockworks
ICT0192,Danish Ahmad Mushtak Shaikh,Hardware
ICT0193,Arjun Ulhas Chavhan,Software
ICT0195,Mohammad Nomaan Abrar Ahmad,Graphics
ICT0196,Ravina Rajendra Ilag,Software
ICT0197,Uday Rupchandra Gavade,Graphics
ICT0199,Avinash Ashok Borse,Software
ICT0200,Aditya Pradeepkumar Kanodia,Hardware
ICT0201,Aniket Adinath Zine,Hardware
ICT0202,Atharv Milind Yeole,Software
ICT0203,Faizan Anis Shaikh,Hardware
ICT0204,Soham Ajay Gade,Hardware
ICT0205,Sujit Rajendra Gadhe,Hardware
ICT0206,Kiran Suresh Bavane,Graphics
ICT0207,Rohit Rajkumar Gaydhane,Graphics
ICT0208,Vinayak Sudhir Mahatole,Software
ICT0209,Dhanashri Jaydip Pawar,Software
ICT0211,Digvijay Vikas Anap,Hardware
ICT0212,Diksha Shridhar Shegokar,Graphics
ICT0213,Julee Vishwakarma,Graphics
ICT0214,Bhiva Abasaheb Pandhare,Software
ICT0215,Kartik Pandurang Kulkarni,Software
ICT0217,Vijay Khandu Kashid,Admin
ICT0218,Pooja Shankar Kale,Software
ICT0219,Pragati Rajkumar Murar,Hardware
ICT0220,Dinesh Mahendra Shinde,Software
ICT0221,Anurag Avinash Kakade,Software
ICT0222,SK Sartaj Ansari,Clockworks
ICT0223,Vaibhav Ramesh Wagh,Software
ICT0224,Ashutosh Santosh Shinde,Hardware
ICT0225,Supriya Mansing Katkar,Hardware
ICT0226,Rajani Rahul Patil,Hardware
ICT0227,Pravin Pandurang Ayare,Hardware
ICT0228,Vishwanath Gurunath Sutar,Graphics
ICT0229,Gaytri Dnyaneshwar Shirsath,Graphics
ICT0230,Ajim Rajekhan Shikalgar,Graphics
ICT0231,Krishnalal Sukhram Yadav,Graphics
ICT0232,Krishnarjun Ghosh,Clockworks
ICT0234,Omkar Suresh Mane,Hardware
ICT0236,Sakshi Harshal Shinde,Graphics
ICT0238,Dyasanni Sreevani,Hardware
ICT0239,Siddhesh Ramchandra Kadam,Clockworks
ICT0240,Mohsin Mohamed Ilyas,Clockworks
ICT0241,Anand Krishnan K R,Clockworks
